{
    "metrics/precision(B)": 0.24281060839581328,
    "metrics/recall(B)": 0.25595238095238093,
    "metrics/mAP50(B)": 0.1914584770446444,
    "metrics/mAP50-95(B)": 0.07977952942412904,
    "fitness": 0.07977952942412904
}